{"name":"Roboto-Regular","type":"TTF","desc":{"CapHeight":711,"XHeight":528,"FontBBox":"[-737 -271 1148 1056]","Flags":4,"Ascent":950,"Descent":-250,"Leading":0,"ItalicAngle":0,"StemV":87,"MissingWidth":443},"unitsPerEm":2048,"up":-73,"ut":49,"strp":250,"strs":50,"ttffile":"C:\\xampp\\htdocs\\ecommerce\\public\/assets\/fonts\/\/Roboto-Regular.ttf","TTCfontID":0,"originalsize":171272,"sip":false,"smp":false,"BMPselected":false,"fontkey":"roboto","panose":" 0 0 2 0 0 0 0 0 0 0 0 0","haskerninfo":false,"haskernGPOS":true,"hassmallcapsGSUB":true,"fontmetrics":"win","useOTL":255,"rtlPUAstr":"","GSUBScriptLang":{"DFLT":"DFLT ","cyrl":"DFLT ","grek":"DFLT ","latn":"DFLT AZE  CRT  FRA  MOL  NAV  ROM  TRK  "},"GSUBFeatures":{"DFLT":{"DFLT":{"c2sc":[0],"smcp":[1],"ccmp":[2,4],"dlig":[10],"ss01":[11],"ss02":[12],"ss03":[13],"ss04":[14],"ss05":[15],"ss06":[16],"ss07":[17],"onum":[18],"pnum":[19],"tnum":[20],"lnum":[21],"frac":[22,23,25],"dnom":[24],"numr":[25]}},"cyrl":{"DFLT":{"c2sc":[0],"smcp":[1],"ccmp":[2,4],"dlig":[10],"ss01":[11],"ss02":[12],"ss03":[13],"ss04":[14],"ss05":[15],"ss06":[16],"ss07":[17],"onum":[18],"pnum":[19],"tnum":[20],"lnum":[21],"frac":[22,23,25],"dnom":[24],"numr":[25]}},"grek":{"DFLT":{"c2sc":[0],"smcp":[1],"ccmp":[2,4],"dlig":[10],"ss01":[11],"ss02":[12],"ss03":[13],"ss04":[14],"ss05":[15],"ss06":[16],"ss07":[17],"onum":[18],"pnum":[19],"tnum":[20],"lnum":[21],"frac":[22,23,25],"dnom":[24],"numr":[25]}},"latn":{"DFLT":{"c2sc":[0],"smcp":[1],"ccmp":[2,4],"liga":[8,9],"dlig":[10],"ss01":[11],"ss02":[12],"ss03":[13],"ss04":[14],"ss05":[15],"ss06":[16],"ss07":[17],"onum":[18],"pnum":[19],"tnum":[20],"lnum":[21],"frac":[22,23,25],"dnom":[24],"numr":[25]},"AZE ":{"c2sc":[0],"smcp":[1],"ccmp":[2,4],"liga":[9],"dlig":[10],"ss01":[11],"ss02":[12],"ss03":[13],"ss04":[14],"ss05":[15],"ss06":[16],"ss07":[17],"onum":[18],"pnum":[19],"tnum":[20],"lnum":[21],"frac":[22,23,25],"dnom":[24],"numr":[25]},"CRT ":{"c2sc":[0],"smcp":[1],"ccmp":[2,4],"liga":[9],"dlig":[10],"ss01":[11],"ss02":[12],"ss03":[13],"ss04":[14],"ss05":[15],"ss06":[16],"ss07":[17],"onum":[18],"pnum":[19],"tnum":[20],"lnum":[21],"frac":[22,23,25],"dnom":[24],"numr":[25]},"FRA ":{"c2sc":[0],"smcp":[1],"ccmp":[2,4],"locl":[7],"liga":[8,9,8,9],"dlig":[10],"ss01":[11],"ss02":[12],"ss03":[13],"ss04":[14],"ss05":[15],"ss06":[16],"ss07":[17],"onum":[18],"pnum":[19],"tnum":[20],"lnum":[21],"frac":[22,23,25],"dnom":[24],"numr":[25]},"MOL ":{"c2sc":[0],"smcp":[1],"ccmp":[2,4],"locl":[5],"liga":[8,9,8,9],"dlig":[10],"ss01":[11],"ss02":[12],"ss03":[13],"ss04":[14],"ss05":[15],"ss06":[16],"ss07":[17],"onum":[18],"pnum":[19],"tnum":[20],"lnum":[21],"frac":[22,23,25],"dnom":[24],"numr":[25]},"NAV ":{"c2sc":[0],"smcp":[1],"ccmp":[2,4],"locl":[6],"liga":[8,9,8,9],"dlig":[10],"ss01":[11],"ss02":[12],"ss03":[13],"ss04":[14],"ss05":[15],"ss06":[16],"ss07":[17],"onum":[18],"pnum":[19],"tnum":[20],"lnum":[21],"frac":[22,23,25],"dnom":[24],"numr":[25]},"ROM ":{"c2sc":[0],"smcp":[1],"ccmp":[2,4],"locl":[5],"liga":[8,9,8,9],"dlig":[10],"ss01":[11],"ss02":[12],"ss03":[13],"ss04":[14],"ss05":[15],"ss06":[16],"ss07":[17],"onum":[18],"pnum":[19],"tnum":[20],"lnum":[21],"frac":[22,23,25],"dnom":[24],"numr":[25]},"TRK ":{"c2sc":[0],"smcp":[1],"ccmp":[2,4],"liga":[9],"dlig":[10],"ss01":[11],"ss02":[12],"ss03":[13],"ss04":[14],"ss05":[15],"ss06":[16],"ss07":[17],"onum":[18],"pnum":[19],"tnum":[20],"lnum":[21],"frac":[22,23,25],"dnom":[24],"numr":[25]}}},"GSUBLookups":[{"Type":1,"Flag":0,"SubtableCount":1,"Subtables":[166472],"MarkFilteringSet":""},{"Type":1,"Flag":0,"SubtableCount":1,"Subtables":[167490],"MarkFilteringSet":""},{"Type":6,"Flag":0,"SubtableCount":6,"Subtables":[168458,168482,168506,168530,168554,168578],"MarkFilteringSet":""},{"Type":1,"Flag":0,"SubtableCount":1,"Subtables":[168626],"MarkFilteringSet":""},{"Type":4,"Flag":0,"SubtableCount":1,"Subtables":[168668],"MarkFilteringSet":""},{"Type":1,"Flag":0,"SubtableCount":1,"Subtables":[170368],"MarkFilteringSet":""},{"Type":1,"Flag":0,"SubtableCount":1,"Subtables":[170390],"MarkFilteringSet":""},{"Type":1,"Flag":0,"SubtableCount":1,"Subtables":[170432],"MarkFilteringSet":""},{"Type":4,"Flag":0,"SubtableCount":1,"Subtables":[170452],"MarkFilteringSet":""},{"Type":4,"Flag":0,"SubtableCount":1,"Subtables":[170488],"MarkFilteringSet":""},{"Type":4,"Flag":0,"SubtableCount":1,"Subtables":[170530],"MarkFilteringSet":""},{"Type":1,"Flag":0,"SubtableCount":1,"Subtables":[170590],"MarkFilteringSet":""},{"Type":1,"Flag":0,"SubtableCount":1,"Subtables":[170610],"MarkFilteringSet":""},{"Type":1,"Flag":0,"SubtableCount":1,"Subtables":[170630],"MarkFilteringSet":""},{"Type":1,"Flag":0,"SubtableCount":1,"Subtables":[170650],"MarkFilteringSet":""},{"Type":1,"Flag":0,"SubtableCount":1,"Subtables":[170668],"MarkFilteringSet":""},{"Type":1,"Flag":0,"SubtableCount":1,"Subtables":[170694],"MarkFilteringSet":""},{"Type":1,"Flag":0,"SubtableCount":1,"Subtables":[170760],"MarkFilteringSet":""},{"Type":1,"Flag":0,"SubtableCount":1,"Subtables":[170790],"MarkFilteringSet":""},{"Type":1,"Flag":0,"SubtableCount":1,"Subtables":[170872],"MarkFilteringSet":""},{"Type":1,"Flag":0,"SubtableCount":1,"Subtables":[170942],"MarkFilteringSet":""},{"Type":1,"Flag":0,"SubtableCount":1,"Subtables":[171040],"MarkFilteringSet":""},{"Type":1,"Flag":0,"SubtableCount":1,"Subtables":[171134],"MarkFilteringSet":""},{"Type":6,"Flag":0,"SubtableCount":1,"Subtables":[171154],"MarkFilteringSet":""},{"Type":1,"Flag":0,"SubtableCount":1,"Subtables":[171202],"MarkFilteringSet":""},{"Type":1,"Flag":0,"SubtableCount":1,"Subtables":[171236],"MarkFilteringSet":""}],"GPOSScriptLang":{"DFLT":"DFLT ","cyrl":"DFLT ","grek":"DFLT ","latn":"DFLT "},"GPOSFeatures":{"DFLT":{"DFLT":{"cpsp":[0],"kern":[1]}},"cyrl":{"DFLT":{"cpsp":[0],"kern":[1]}},"grek":{"DFLT":{"cpsp":[0],"kern":[1]}},"latn":{"DFLT":{"cpsp":[0],"kern":[1]}}},"GPOSLookups":[{"Type":1,"Flag":0,"SubtableCount":1,"Subtables":[141830],"MarkFilteringSet":""},{"Type":2,"Flag":0,"SubtableCount":2,"Subtables":[142354,157216],"MarkFilteringSet":""}],"kerninfo":[]}